<mxGraphModel><root><mxCell id="0"/><mxCell id="1" parent="0"/><生产井 名称="生产井01" 海拔="0" 流ID="1" id="2"><mxCell style="shape=image;image=http://localhost:8080/Elements/%E7%94%9F%E4%BA%A7%E4%BA%95.svg;verticalLabelPosition=bottom;verticalAlign=top" vertex="1" parent="1"><mxGeometry x="186" y="82" width="50" height="100" as="geometry"/><Array as="constraints"><Object x="0.5" y="1" perimeter="0"/></Array></mxCell></生产井><引射器 名称="引射器01" 海拔="0" 膨胀比="1" 压缩比="1" 引射率="0" 等熵效率="0" id="3"><mxCell style="shape=image;image=http://localhost:8080/Elements/%E5%BC%95%E5%B0%84%E5%99%A8.svg;verticalLabelPosition=bottom;verticalAlign=top" vertex="1" parent="1"><mxGeometry x="293" y="111" width="100" height="60" as="geometry"/><Array as="constraints"><Object x="0" y="0.5" perimeter="0"/><Object x="1" y="0.5" perimeter="0"/><Object x="0.5" y="1" perimeter="0"/></Array></mxCell></引射器><压缩机 名称="压缩机01" 海拔="0" 干线压力="0" 天然气热值="0" 原动机效率="0" 压缩机效率="0" id="4"><mxCell style="shape=image;image=http://localhost:8080/Elements/%E5%8E%8B%E7%BC%A9%E6%9C%BA.svg;verticalLabelPosition=bottom;verticalAlign=top" vertex="1" parent="1"><mxGeometry x="87" y="182" width="125" height="40" as="geometry"/><Array as="constraints"><Object x="0" y="0.5" perimeter="0"/><Object x="1" y="0.5" perimeter="0"/></Array></mxCell></压缩机><站场 名称="站场01" 海拔="0" 进场压力="0" 出场压力="0" 产率="0" id="5"><mxCell style="shape=image;image=http://localhost:8080/Elements/%E7%AB%99%E5%9C%BA.svg;verticalLabelPosition=bottom;verticalAlign=top" vertex="1" parent="1"><mxGeometry x="381" y="228" width="75" height="60" as="geometry"/><Array as="constraints"><Object x="1" y="0.5" perimeter="0"/></Array></mxCell></站场><普通节点 名称="普通节点01" 海拔="0" 压力="1" 载荷="0" 压力已知="false" 载荷已知="false" id="6"><mxCell style="shape=image;image=http://localhost:8080/Elements/%E6%99%AE%E9%80%9A%E8%8A%82%E7%82%B9.svg;verticalLabelPosition=bottom;verticalAlign=top" vertex="1" parent="1"><mxGeometry x="105" y="75" width="60" height="60" as="geometry"/><Array as="constraints"><Object x="0.5" y="0.5" perimeter="0"/></Array></mxCell></普通节点><ss 内径="0" 长度="0" 粗糙度="0" id="7"><mxCell style="edgeStyle=orthogonalEdgeStyle;exitX=0.5;exitY=0.5;exitDx=0;exitDy=0;exitPerimeter=0;entryX=0.5;entryY=1;entryDx=0;entryDy=0;entryPerimeter=0;" edge="1" parent="1" source="6" target="2"><mxGeometry relative="1" as="geometry"/></mxCell></ss></root></mxGraphModel>