<?xml version="1.0" encoding="UTF-8"?>
<!DOCTYPE mapper PUBLIC "-//mybatis.org//DTD Mapper 3.0//EN" "http://mybatis.org/dtd/mybatis-3-mapper.dtd" >
<mapper namespace="cn.blatter.network.mapper.ElementMapper">

    <select id="findAll" resultType="Element">
        SELECT * FROM t_element;
    </select>
    <select id="findById" resultType="Element">
        SELECT * FROM t_element where id=#{id};
    </select>
    <select id="setElement" resultType="Element">
        update t_element set name=#{name} where id=#{id};
    </select>
    <select id="addElement" resultType="Element">
        insert into t_element values (#{id},#{name},#{path});
    </select>
    <delete id="deleteElement" parameterType="integer">
        delete from t_element where id = #{id}
    </delete>

</mapper>