<?xml version="1.0" encoding="UTF-8"?>
<!DOCTYPE mapper PUBLIC "-//mybatis.org//DTD Mapper 3.0//EN" "http://mybatis.org/dtd/mybatis-3-mapper.dtd">
<mapper namespace="cn.blatter.network.mapper.PipeMapper">
  <select id="findAll" resultType="Pipe">
    select id, project_id, model_id, start_id, end_id, diameter, length, roughness, lambda, name, start_name, end_name,
           start_connection, end_connection, start_connection_name, end_connection_name
    from t_pipe
  </select>

  <select id="queryById" parameterType="integer" resultType="Pipe">
    select id, project_id, model_id, start_id, end_id, diameter, length, roughness, lambda, name, start_name, end_name,
           start_connection, end_connection, start_connection_name, end_connection_name
    from t_pipe
    where id = #{id}
  </select>
  <select id="queryByModelId" parameterType="Pipe" resultType="Pipe">
    select *
    from t_pipe
    where model_id = #{modelId} AND project_id = #{projectId}
  </select>
  <select id="queryByProject" parameterType="integer" resultType="Pipe">
    select id, project_id, model_id, start_id, end_id, diameter, length, roughness, lambda, name, start_name, end_name,
           start_connection, end_connection, start_connection_name, end_connection_name
    from t_pipe
    where project_id = #{id}
  </select>

  <update id="updateById" parameterType="Pipe">
    update t_pipe
    <set>
      <if test="projectId != null">
        project_id = #{projectId},
      </if>
      <if test="name != null">
        name = #{name},
      </if>
      <if test="startName != null">
        start_name = #{startName},
      </if>
      <if test="endName != null">
        end_name = #{endName},
      </if>
      <if test="startId != null">
        start_id = #{startId},
      </if>
      <if test="endId != null">
        end_id = #{endId},
      </if>
      <if test="diameter != null">
        diameter = #{diameter},
      </if>
      <if test="length != null">
        length = #{length},
      </if>
      <if test="roughness != null">
        roughness = #{roughness},
      </if>
      <if test="lambda != null">
        lambda = #{lambda},
      </if>
      <if test="modelId != null">
        model_id = #{modelId},
      </if>
      <if test="startConnection != null">
        start_connection = #{startConnection},
      </if>
      <if test="endConnection != null">
        end_connection = #{endConnection},
      </if>
      <if test="startConnectionName != null">
        start_connection_name = #{startConnectionName},
      </if>
      <if test="endConnectionName != null">
        end_connection_name = #{endConnectionName},
      </if>
    </set>
    where id = #{id}
  </update>

  <insert id="insertPipe" parameterType="Pipe" useGeneratedKeys="true" keyProperty="id">
    insert into t_pipe
    <trim prefix="(" suffix=")" suffixOverrides=",">
      <if test="projectId != null">
        project_id,
      </if>
      <if test="name != null">
        name,
      </if>
      <if test="startName != null">
        start_name,
      </if>
      <if test="endName != null">
        end_name,
      </if>
      <if test="startId != null">
        start_id,
      </if>
      <if test="endId != null">
        end_id,
      </if>
      <if test="diameter != null">
        diameter,
      </if>
      <if test="length != null">
        length,
      </if>
      <if test="roughness != null">
        roughness,
      </if>
      <if test="lambda != null">
        lambda,
      </if>
      <if test="startConnection != null">
        start_connection,
      </if>
      <if test="endConnection != null">
        end_connection,
      </if>
      <if test="startConnectionName != null">
        start_connection_name,
      </if>
      <if test="endConnectionName != null">
        end_connection_name,
      </if>
      <if test="modelId != null">
        model_id,
      </if>
    </trim>
    <trim prefix="values (" suffix=")" suffixOverrides=",">
      <if test="projectId != null">
        #{projectId},
      </if>
      <if test="name != null">
        #{name},
      </if>
      <if test="startName != null">
        #{startName},
      </if>
      <if test="endName != null">
        #{endName},
      </if>
      <if test="startId != null">
        #{startId},
      </if>
      <if test="endId != null">
        #{endId},
      </if>
      <if test="diameter != null">
        #{diameter},
      </if>
      <if test="length != null">
        #{length},
      </if>
      <if test="roughness != null">
        #{roughness},
      </if>
      <if test="lambda != null">
        #{lambda},
      </if>
      <if test="startConnection != null">
        #{startConnection},
      </if>
      <if test="endConnection != null">
        #{endConnection},
      </if>
      <if test="startConnectionName != null">
        #{startConnectionName},
      </if>
      <if test="endConnectionName != null">
        #{endConnectionName},
      </if>
      <if test="modelId != null">
        #{modelId},
      </if>
    </trim>
  </insert>

  <delete id="deleteById" parameterType="integer">
    delete
    from t_pipe
    where id = #{id}
  </delete>

  <select id="pageQuery" parameterType="integer" resultType="Pipe">
    select id, project_id, model_id, start_id, end_id, diameter, length, roughness, lambda, name,
           start_name, end_name, start_connection, end_connection, start_connection_name, end_connection_name
    from t_pipe
    where project_id = #{pid}
    limit #{pageStart}, #{pageSize}
  </select>

</mapper>
